{"af": "Afrikaans", "als": "Alemannic", "am": "Amharic", "an": "Aragonese", "ar": "Arabic", "arz": "Egyptian Arabic", "as": "Assamese", "ast": "Asturian", "av": "Avaric", "az": "Azerbaijani", "azb": "South Azerbaijani", "ba": "Bashkir", "bar": "Bavarian", "bcl": "Bikol", "be": "Belarusian", "bg": "Bulgarian", "bh": "Bihari languages", "bn": "Bengali", "bo": "Tibetan", "bpy": "Bishnupriya Manipuri", "br": "Breton", "bs": "Bosnian", "bxr": "Russia Buriat", "ca": "Catalan, Valencian", "cbk": "Zamboanga Chavacano", "ce": "Chechen", "ceb": "Cebuano", "ckb": "Central Kurdish", "co": "Corsican", "cs": "Czech", "cv": "Chuvash", "cy": "Welsh", "da": "Danish", "de": "German", "diq": "Dimli", "dsb": "Lower Sorbian", "dty": "Dotyali", "dv": "Divehi / Maldivian", "el": "Greek", "eml": "Emiliano-Romagnolo", "en": "English", "eo": "Esperanto", "es": "Spanish", "et": "Estonian", "eu": "Basque", "fa": "Persian", "fi": "Finnish", "fr": "French", "frr": "Northern Frisian", "fy": "Western Frisian", "ga": "Irish", "gd": "Gaelic", "gl": "Galician", "gn": "Guarani", "gom": "Goan Konkani", "gu": "Gujarati", "gv": "Manx", "he": "Hebrew", "hi": "Hindi", "hif": "Fiji Hindi", "hr": "Croatian", "hsb": "Fiji Hindi", "ht": "Haitian", "hu": "Hungarian", "hy": "Armenian", "ia": "Interlingua (International Auxiliary Language Association)", "id": "Indonesian", "ie": "Interlingue, Occidental", "ilo": "Iloko", "io": "Ido", "is": "Icelandic", "it": "Italian", "ja": "Japanese", "jbo": "Lojban", "jv": "Javanese", "ka": "Georgian", "kk": "Kazakh", "km": "Central Khmer", "kn": "Kannada", "ko": "Korean", "krc": "Karachay-Balkar", "ku": "Kurdish", "kv": "Komi", "kw": "Cornish", "ky": "Kirghiz", "la": "Latin", "lb": "Luxembourgish", "lez": "Lezghian", "li": "Limburgan", "lmo": "Lombard", "lo": "Lao", "lrc": "Northern Luri", "lt": "Lithuanian", "lv": "Latvian", "mai": "Maithili", "mg": "Malagasy", "mhr": "Eastern Mari", "min": "Minangkabau", "mk": "Macedonian", "ml": "Malayalam", "mn": "Mongolian", "mr": "Marathi", "mrj": "Western Mari", "ms": "Malay", "mt": "Maltese", "mwl": "Mirandese", "my": "Burmese", "myv": "Erzya", "mzn": "Mazanderani", "nah": "Nahuatl languages", "nap": "Neapolitan", "nds": "Low German", "ne": "Nepali", "new": "Nepal Bhasa, Newari", "nl": "Dutch", "nn": "Norwegian Nynorsk", "no": "Norwegian", "oc": "Occitan (post 1500)", "or": "Oriya", "os": "Ossetian", "pa": "Panjabi", "pam": "Kapampangan", "pfl": "Pfaelzisch", "pl": "Polish", "pms": "Piemontese", "pnb": "Western Panjabi", "ps": "Pushto", "pt": "Portuguese", "qu": "Quechua", "rm": "Romansh", "ro": "Romanian, Moldavian", "ru": "Russian", "rue": "Rusyn", "sa": "Sanskrit", "sah": "Yakut", "sc": "Sardinian", "scn": "Sicilian", "sco": "Scots", "sd": "Sindhi", "sh": "Serbo-Croatian", "si": "Sinhala", "sk": "Slovak", "sl": "Slovenian", "so": "Somali", "sq": "Albanian", "sr": "Serbian", "su": "Sundanese", "sv": "Swedish", "sw": "Swahili", "ta": "Tamil", "te": "Telugu", "tg": "Tajik", "th": "Thai", "tk": "Turkmen", "tl": "Tagalog", "tr": "Turkish", "tt": "Tatar", "tyv": "Tuvinian", "ug": "Uighur", "uk": "Ukrainian", "ur": "Urdu", "uz": "Uzbek", "vec": "Venetian", "vep": "Veps", "vi": "Vietnamese", "vls": "Vlaams", "vo": "Volap\u00fck", "wa": "Walloon", "war": "Waray (Philippines)", "wuu": "Wu Chinese", "xal": "Kalmyk, Oirat", "xmf": "Mingrelian", "yi": "Yiddish", "yo": "Yoruba", "yue": "Yue Chinese", "zh": "Chinese"}